1,Filename,Corea_del_Sur.txt,Text
1,Subject,Corea_del_Sur.txt,Text
1,Path,/esp/Corea_del_Sur.txt,Text
1,Link,ww2/3913608b1899585d135ecd1843dfaaffd3609d21667457a45b7af435f0ada987,Text
1,Content-type,text/plain,Text
1,Filetype,text,Text
2,Filename,Extremadura.txt,Text
2,Subject,Extremadura.txt,Text
2,Path,/esp/Extremadura.txt,Text
2,Link,ww2/f968a353fea6e8cef5186eb479f8640ac452fbf28d33ff41133b1eacf0c56387,Text
2,Content-type,text/plain,Text
2,Filetype,text,Text
1,Language,spa,Text
2,Language,spa,Text
3,Filename,Homicidio.txt,Text
3,Subject,Homicidio.txt,Text
3,Path,/esp/Homicidio.txt,Text
3,Link,ww2/0828db217ae7ab62aede146e523812ee3a6e31d75fd3d7cffc1385461180af08,Text
3,Content-type,text/plain,Text
3,Filetype,text,Text
3,Language,spa,Text
4,Filename,Juan_III_Sobieski.txt,Text
4,Subject,Juan_III_Sobieski.txt,Text
4,Path,/esp/Juan_III_Sobieski.txt,Text
4,Link,ww2/2fa8a38d0ccdf1036c190381a9db8c95d249cb128947eefd21a3e289cff1ce5b,Text
4,Content-type,text/plain,Text
4,Filetype,text,Text
4,Language,spa,Text
5,Filename,Emiratos_%C3%81rabes_Unidos.txt,Text
5,Subject,Emiratos_%C3%81rabes_Unidos.txt,Text
5,Path,/esp/Emiratos_%C3%81rabes_Unidos.txt,Text
5,Link,ww2/2bd178d7eeba3b066e6c35b502142f7b8dc2ac140a5b0a677b9a6e21e0776cb2,Text
5,Content-type,text/plain,Text
5,Filetype,text,Text
6,Filename,Saarbr%C3%BCcken.txt,Text
6,Subject,Saarbr%C3%BCcken.txt,Text
6,Path,/hun/Saarbr%C3%BCcken.txt,Text
6,Link,ww2/ac3a243371996ff58f9bede290dd312f3b5a4540cbe2f358d7cb96a616c1207c,Text
6,Content-type,text/plain,Text
6,Filetype,text,Text
7,Filename,Grupo_de_Ej%C3%A9rcitos_Curlandia.txt,Text
7,Subject,Grupo_de_Ej%C3%A9rcitos_Curlandia.txt,Text
7,Path,/esp/Grupo_de_Ej%C3%A9rcitos_Curlandia.txt,Text
7,Link,ww2/6b5e0c6e9be55350c02b4cb1267db642be1f8b8dc894a9211ddd0a813ce432ea,Text
7,Content-type,text/plain,Text
7,Filetype,text,Text
5,Language,spa,Text
6,Language,hun,Text
8,Filename,Herbert_Hoover.txt,Text
8,Subject,Herbert_Hoover.txt,Text
8,Path,/esp/Herbert_Hoover.txt,Text
8,Link,ww2/741cb6979a019b2871b7435ee62ea13bcf6375434eb2805ffb7681e8bcca50e1,Text
8,Content-type,text/plain,Text
8,Filetype,text,Text
7,Language,spa,Text
9,Filename,Bukaresti_b%C3%A9ke_(1918).txt,Text
9,Subject,Bukaresti_b%C3%A9ke_(1918).txt,Text
9,Path,/hun/Bukaresti_b%C3%A9ke_(1918).txt,Text
9,Link,ww2/f7a8fddfb73f9d8f131e43f9122862bf58322e449dc94a75fa14140eec6aaf42,Text
9,Content-type,text/plain,Text
9,Filetype,text,Text
8,Language,spa,Text
10,Filename,Murmansk.txt,Text
10,Subject,Murmansk.txt,Text
10,Path,/esp/Murmansk.txt,Text
10,Link,ww2/3141fad4027d64516b1e811c618cb921d1dc39e607edb4bfde2db4b13b453eee,Text
10,Content-type,text/plain,Text
10,Filetype,text,Text
9,Language,hun,Text
11,Filename,Siglo_XVIII.txt,Text
11,Subject,Siglo_XVIII.txt,Text
11,Path,/esp/Siglo_XVIII.txt,Text
11,Link,ww2/f9fe749c5616860267cc31bdb1b8040a92aba413a870b8b6e32c3d396cf1dcb4,Text
11,Content-type,text/plain,Text
11,Filetype,text,Text
10,Language,spa,Text
12,Filename,Santoral_cat%C3%B3lico.txt,Text
12,Subject,Santoral_cat%C3%B3lico.txt,Text
12,Path,/esp/Santoral_cat%C3%B3lico.txt,Text
12,Link,ww2/ec0e77be544034b60ef26fd3634845b038dffb15c788b69489899284e872facd,Text
12,Content-type,text/plain,Text
12,Filetype,text,Text
11,Language,spa,Text
13,Filename,Hajime_Sugiyama.txt,Text
13,Subject,Hajime_Sugiyama.txt,Text
13,Path,/esp/Hajime_Sugiyama.txt,Text
13,Link,ww2/2e33deda579ad8f4c87d3a84241bf8a829dca0fdb891bb4a2776130a99c8bcee,Text
13,Content-type,text/plain,Text
13,Filetype,text,Text
12,Language,spa,Text
14,Filename,26_de_noviembre.txt,Text
14,Subject,26_de_noviembre.txt,Text
14,Path,/esp/26_de_noviembre.txt,Text
14,Link,ww2/77f5a0f521dd846507fc735c2de96ac5406a180afbed36aa5f303c9ca9412e6e,Text
14,Content-type,text/plain,Text
14,Filetype,text,Text
14,Language,spa,Text
13,Language,spa,Text
15,Filename,Che_Guevara.txt,Text
15,Subject,Che_Guevara.txt,Text
15,Path,/esp/Che_Guevara.txt,Text
15,Link,ww2/3ce125c2d95f1d1b4872fc0bcebeb0e4b965fb5026b01a27bc66ff3685b2de92,Text
15,Content-type,text/plain,Text
15,Filetype,text,Text
15,Language,spa,Text
16,Filename,Belarusz_nyelv.txt,Text
16,Subject,Belarusz_nyelv.txt,Text
16,Path,/hun/Belarusz_nyelv.txt,Text
16,Link,ww2/5f3c063b9b1ecb0a8d4f1499f24e680d6b05ce8699970eacd16e981c35fde76b,Text
16,Content-type,text/plain,Text
16,Filetype,text,Text
16,Language,hun,Text
17,Filename,Segunda_guerra_sino-japonesa.txt,Text
17,Subject,Segunda_guerra_sino-japonesa.txt,Text
17,Path,/esp/Segunda_guerra_sino-japonesa.txt,Text
17,Link,ww2/0345ea05526c793ee4167486e7b6d3f01f952fd73963ba9ba2322888ca8a8f11,Text
17,Content-type,text/plain,Text
17,Filetype,text,Text
18,Filename,Avranches.txt,Text
18,Subject,Avranches.txt,Text
18,Path,/esp/Avranches.txt,Text
18,Link,ww2/0b8a3350bbf4a5805b861df1553d6e7d2eb99ae4fb1e97bd4ff404eab819991a,Text
18,Content-type,text/plain,Text
18,Filetype,text,Text
17,Language,spa,Text
19,Filename,Avi%C3%B3n_de_caza.txt,Text
19,Subject,Avi%C3%B3n_de_caza.txt,Text
19,Path,/esp/Avi%C3%B3n_de_caza.txt,Text
19,Link,ww2/4f58e703adcdb8f7e785bf833cd4c177b6f8ecd69e0338b6726e369d96b643ad,Text
19,Content-type,text/plain,Text
19,Filetype,text,Text
18,Language,spa,Text
20,Filename,Albania_Italiana.txt,Text
20,Subject,Albania_Italiana.txt,Text
20,Path,/esp/Albania_Italiana.txt,Text
20,Link,ww2/2bdb4ed0eeca78f38874e167ed97f01c9ac320e02b2a83265cc43bdd651fd5e9,Text
20,Content-type,text/plain,Text
20,Filetype,text,Text
19,Language,spa,Text
21,Filename,Tratado_de_Brest-Litovsk.txt,Text
21,Subject,Tratado_de_Brest-Litovsk.txt,Text
21,Path,/esp/Tratado_de_Brest-Litovsk.txt,Text
21,Link,ww2/ad5d8edcb703552878a5060ee7ccb7cefc05c44441e738ef61a227a72dd62e77,Text
21,Content-type,text/plain,Text
21,Filetype,text,Text
20,Language,spa,Text
22,Filename,Hunos.txt,Text
22,Subject,Hunos.txt,Text
22,Path,/esp/Hunos.txt,Text
22,Link,ww2/bfa879ad48a7a30620d358d7f6b1a6a43458d49a1dfa11edee069e0e9988e066,Text
22,Content-type,text/plain,Text
22,Filetype,text,Text
23,Filename,Eurokommunizmus.txt,Text
23,Subject,Eurokommunizmus.txt,Text
23,Path,/hun/Eurokommunizmus.txt,Text
23,Link,ww2/7c3735fb74b01a78e7072566ca589a27e2243f9c47b32850491e9b7ff68ce513,Text
23,Content-type,text/plain,Text
23,Filetype,text,Text
22,Language,spa,Text
21,Language,spa,Text
24,Filename,Deuda_p%C3%BAblica.txt,Text
24,Subject,Deuda_p%C3%BAblica.txt,Text
24,Path,/esp/Deuda_p%C3%BAblica.txt,Text
24,Link,ww2/811aad40fcf5259bbdd794e99cb08a55942d60291fd773d9d550953cf2b109e3,Text
24,Content-type,text/plain,Text
24,Filetype,text,Text
25,Filename,Moneda.txt,Text
25,Subject,Moneda.txt,Text
25,Path,/esp/Moneda.txt,Text
25,Link,ww2/a9dd39f8d7ae286c4870b83200d356fb96bb02c452dc4190ecda3ac97325d516,Text
25,Content-type,text/plain,Text
25,Filetype,text,Text
23,Language,hun,Text
24,Language,spa,Text
26,Filename,Focke-Wulf_Fw_200.txt,Text
26,Subject,Focke-Wulf_Fw_200.txt,Text
26,Path,/esp/Focke-Wulf_Fw_200.txt,Text
26,Link,ww2/daabd5210e9e4d9a411ddac66ef6c054939573790b91f47b5fddcfb3c26dbf1b,Text
26,Content-type,text/plain,Text
26,Filetype,text,Text
25,Language,spa,Text
27,Filename,1606.txt,Text
27,Subject,1606.txt,Text
27,Path,/esp/1606.txt,Text
27,Link,ww2/24279bc74ce014b7c73ce2444876bd8d66a19c62d4d990f35d8bc282f84401e1,Text
27,Content-type,text/plain,Text
27,Filetype,text,Text
28,Filename,Friedrich_Paulus.txt,Text
28,Subject,Friedrich_Paulus.txt,Text
28,Path,/esp/Friedrich_Paulus.txt,Text
28,Link,ww2/cd51a543b075ca665644d48358cf875d2149c53f297641f456ff40a309a59668,Text
28,Content-type,text/plain,Text
28,Filetype,text,Text
26,Language,spa,Text
27,Language,spa,Text
29,Filename,Zona_econ%C3%B3mica_exclusiva.txt,Text
29,Subject,Zona_econ%C3%B3mica_exclusiva.txt,Text
29,Path,/esp/Zona_econ%C3%B3mica_exclusiva.txt,Text
29,Link,ww2/6ef1cb6200e9249bb6b7fb5dc745f7e177ac9fd1d800d6138a6c9863c7c61bdd,Text
29,Content-type,text/plain,Text
29,Filetype,text,Text
30,Filename,455.txt,Text
30,Subject,455.txt,Text
30,Path,/hun/455.txt,Text
30,Link,ww2/4f4bdba5cf9a919d19ec82ed9d45f5dd3d8a872a88648a412e2370f8497c8baf,Text
30,Content-type,text/plain,Text
30,Filetype,text,Text
28,Language,spa,Text
29,Language,spa,Text
30,Language,hun,Text
31,Filename,Am%C3%A9rica_Central.txt,Text
31,Subject,Am%C3%A9rica_Central.txt,Text
31,Path,/esp/Am%C3%A9rica_Central.txt,Text
31,Link,ww2/ac6fb462bedd7f663905b08b43457f22ef5d5ea7bccf25dc93769f4aaf987608,Text
31,Content-type,text/plain,Text
31,Filetype,text,Text
32,Filename,Arag%C3%B3nia.txt,Text
32,Subject,Arag%C3%B3nia.txt,Text
32,Path,/hun/Arag%C3%B3nia.txt,Text
32,Link,ww2/c9df3beae9fe67e58fc069ac49df28f6f700fbb8b7ca490b24f94e531d603e0d,Text
32,Content-type,text/plain,Text
32,Filetype,text,Text
31,Language,spa,Text
33,Filename,B%C3%A9lgica.txt,Text
33,Subject,B%C3%A9lgica.txt,Text
33,Path,/esp/B%C3%A9lgica.txt,Text
33,Link,ww2/02ef4fc256db9aa552ab3a6af0b0036e0dd7e9b29de93251a5c8d498fdcae6d4,Text
33,Content-type,text/plain,Text
33,Filetype,text,Text
32,Language,hun,Text
34,Filename,Exploraci%C3%B3n_espacial.txt,Text
34,Subject,Exploraci%C3%B3n_espacial.txt,Text
34,Path,/esp/Exploraci%C3%B3n_espacial.txt,Text
34,Link,ww2/00ecb87241a0324f58e241728596abaf666c0e453088c7a24e1cae4009e5df19,Text
34,Content-type,text/plain,Text
34,Filetype,text,Text
33,Language,spa,Text
35,Filename,Ernest_Bevin.txt,Text
35,Subject,Ernest_Bevin.txt,Text
35,Path,/esp/Ernest_Bevin.txt,Text
35,Link,ww2/adebaf132be077d101220f6c34c3376600efc05fa2127002bf76e91cc66da823,Text
35,Content-type,text/plain,Text
35,Filetype,text,Text
34,Language,spa,Text
36,Filename,Batalla_de_Westerplatte.txt,Text
36,Subject,Batalla_de_Westerplatte.txt,Text
36,Path,/esp/Batalla_de_Westerplatte.txt,Text
36,Link,ww2/ef298f4d790db5adb6affccd817467af2272e67321ef5ee7f371847b958921c9,Text
36,Content-type,text/plain,Text
36,Filetype,text,Text
35,Language,spa,Text
37,Filename,Calendario_juliano.txt,Text
37,Subject,Calendario_juliano.txt,Text
37,Path,/esp/Calendario_juliano.txt,Text
37,Link,ww2/832d75e356fe9f3ab765fae4cdb89e573ed6ece856fc95a6ff02d51a065b95fb,Text
37,Content-type,text/plain,Text
37,Filetype,text,Text
36,Language,spa,Text
38,Filename,Asmara.txt,Text
38,Subject,Asmara.txt,Text
38,Path,/esp/Asmara.txt,Text
38,Link,ww2/a3f2e8eb51ae00cdaefad001448be76b62ea12f610c529cc95b20b3fb463a12e,Text
38,Content-type,text/plain,Text
38,Filetype,text,Text
37,Language,spa,Text
39,Filename,Maniu-g%C3%A1rda.txt,Text
39,Subject,Maniu-g%C3%A1rda.txt,Text
39,Path,/hun/Maniu-g%C3%A1rda.txt,Text
39,Link,ww2/6034e4dac3aec8ae940fcda1045abc5dfea0968e57c8616a156886b7a60ba5d3,Text
39,Content-type,text/plain,Text
39,Filetype,text,Text
38,Language,spa,Text
40,Filename,Tierra_quemada.txt,Text
40,Subject,Tierra_quemada.txt,Text
40,Path,/esp/Tierra_quemada.txt,Text
40,Link,ww2/e83e02d18f2aa0f8c0a0dac14358cd8fd627875df07ca3f247756fa5e9836b67,Text
40,Content-type,text/plain,Text
40,Filetype,text,Text
39,Language,hun,Text
41,Filename,16_de_julio.txt,Text
41,Subject,16_de_julio.txt,Text
41,Path,/esp/16_de_julio.txt,Text
41,Link,ww2/742a078ef821b3c68613cee81d6d80a5a4105639a0af87b937c6e846118ca851,Text
41,Content-type,text/plain,Text
41,Filetype,text,Text
40,Language,spa,Text
42,Filename,Font_sterling.txt,Text
42,Subject,Font_sterling.txt,Text
42,Path,/hun/Font_sterling.txt,Text
42,Link,ww2/c3cd7add26a2bd63150fd9df8207adb1f31afefff4d3d3fe306471f3326e55d0,Text
42,Content-type,text/plain,Text
42,Filetype,text,Text
41,Language,spa,Text
43,Filename,Esclavo.txt,Text
43,Subject,Esclavo.txt,Text
43,Path,/esp/Esclavo.txt,Text
43,Link,ww2/d36a2f362b0b6a7db4827f5250618ba92e270a626c1a00a648d9a9da681ec16e,Text
43,Content-type,text/plain,Text
43,Filetype,text,Text
42,Language,hun,Text
44,Filename,Ravenna.txt,Text
44,Subject,Ravenna.txt,Text
44,Path,/hun/Ravenna.txt,Text
44,Link,ww2/2ec8fb6ae5d1e41cead4dc509459f0f912bc3d8bab537f6d4e4d9545f78df133,Text
44,Content-type,text/plain,Text
44,Filetype,text,Text
43,Language,spa,Text
45,Filename,Nilo.txt,Text
45,Subject,Nilo.txt,Text
45,Path,/esp/Nilo.txt,Text
45,Link,ww2/87413d6088eb83c2b78fd4e24b21c0cf02ce8057a28e363a4c5f52ed60139a49,Text
45,Content-type,text/plain,Text
45,Filetype,text,Text
46,Filename,Kelantan.txt,Text
46,Subject,Kelantan.txt,Text
46,Path,/hun/Kelantan.txt,Text
46,Link,ww2/c6a6e07acdcb93c2400722d71f249cfddf60147c15f656e76c5929b4f03665a9,Text
46,Content-type,text/plain,Text
46,Filetype,text,Text
44,Language,hun,Text
45,Language,spa,Text
47,Filename,Iglesia_ortodoxa_rusa.txt,Text
47,Subject,Iglesia_ortodoxa_rusa.txt,Text
47,Path,/esp/Iglesia_ortodoxa_rusa.txt,Text
47,Link,ww2/d25e20e0abda1133d25b3aaf66abb04740d59f816648a9c7abbd1679dd3f1805,Text
47,Content-type,text/plain,Text
47,Filetype,text,Text
46,Language,hun,Text
48,Filename,Polg%C3%A1rh%C3%A1bor%C3%BA.txt,Text
48,Subject,Polg%C3%A1rh%C3%A1bor%C3%BA.txt,Text
48,Path,/hun/Polg%C3%A1rh%C3%A1bor%C3%BA.txt,Text
48,Link,ww2/31c609309e7fa452bb2de0e9ce4d31bd2015052098fc1f3d5e28946b45732221,Text
48,Content-type,text/plain,Text
48,Filetype,text,Text
47,Language,spa,Text
49,Filename,Chemnitz.txt,Text
49,Subject,Chemnitz.txt,Text
49,Path,/esp/Chemnitz.txt,Text
49,Link,ww2/b5f9a6537b3776eec95dbc7c71641a8f8156a33d9dfb5f28a81736bd72924028,Text
49,Content-type,text/plain,Text
49,Filetype,text,Text
48,Language,hun,Text
50,Filename,Wikiforr%C3%A1s.txt,Text
50,Subject,Wikiforr%C3%A1s.txt,Text
50,Path,/hun/Wikiforr%C3%A1s.txt,Text
50,Link,ww2/66c2d39413a88d34ed2dcb2cbe574784e6bd5a3d652f00e908ef21b2146e43fc,Text
50,Content-type,text/plain,Text
50,Filetype,text,Text
49,Language,spa,Text
51,Filename,1607.txt,Text
51,Subject,1607.txt,Text
51,Path,/esp/1607.txt,Text
51,Link,ww2/ddd6cc7f89b68c125304f38b403e6707063df046964cf0e602a043c6d0925f8c,Text
51,Content-type,text/plain,Text
51,Filetype,text,Text
50,Language,hun,Text
52,Filename,1834.txt,Text
52,Subject,1834.txt,Text
52,Path,/esp/1834.txt,Text
52,Link,ww2/d5e48373a3a359ebf8ae5221a3dea579087933e9c0f0d67a5103d285a03d1e9f,Text
52,Content-type,text/plain,Text
52,Filetype,text,Text
51,Language,spa,Text
53,Filename,21_de_septiembre.txt,Text
53,Subject,21_de_septiembre.txt,Text
53,Path,/esp/21_de_septiembre.txt,Text
53,Link,ww2/2615fbcdf5d9797f23e1a98d22c8b2a19d56ecf5a26fd1b8f4677d8b0943f64e,Text
53,Content-type,text/plain,Text
53,Filetype,text,Text
52,Language,spa,Text
54,Filename,Revoluci%C3%B3n_de_Noviembre.txt,Text
54,Subject,Revoluci%C3%B3n_de_Noviembre.txt,Text
54,Path,/esp/Revoluci%C3%B3n_de_Noviembre.txt,Text
54,Link,ww2/2c3a16feda41fc6ce89760c7ba9659e9abde32c2559e6c53012968d1a3aba2c1,Text
54,Content-type,text/plain,Text
54,Filetype,text,Text
53,Language,spa,Text
55,Filename,Colonialismo.txt,Text
55,Subject,Colonialismo.txt,Text
55,Path,/esp/Colonialismo.txt,Text
55,Link,ww2/5f2ee22b54377483bac0ea0e90d4762a51bf520b3e2b08b87be852ecd8a39325,Text
55,Content-type,text/plain,Text
55,Filetype,text,Text
54,Language,spa,Text
56,Filename,Cohete.txt,Text
56,Subject,Cohete.txt,Text
56,Path,/esp/Cohete.txt,Text
56,Link,ww2/f1cefa3b2ff05c55a376d58dd6cda1b1cd0f7046367d35c1406b3fc3bf9e5b73,Text
56,Content-type,text/plain,Text
56,Filetype,text,Text
55,Language,spa,Text
57,Filename,82.%C2%AA_Divisi%C3%B3n_Aerotransportada.txt,Text
57,Subject,82.%C2%AA_Divisi%C3%B3n_Aerotransportada.txt,Text
57,Path,/esp/82.%C2%AA_Divisi%C3%B3n_Aerotransportada.txt,Text
57,Link,ww2/aef850213dd441df98a11f90a2c31634bb0888efdfe685643cc876d67b793e84,Text
57,Content-type,text/plain,Text
57,Filetype,text,Text
56,Language,spa,Text
58,Filename,Cotentin.txt,Text
58,Subject,Cotentin.txt,Text
58,Path,/esp/Cotentin.txt,Text
58,Link,ww2/a19b9269ae2533c6eafacb663bf61e43f39872ca77fe8f783da1ec52864a403d,Text
58,Content-type,text/plain,Text
58,Filetype,text,Text
57,Language,spa,Text
59,Filename,Gastronom%C3%ADa.txt,Text
59,Subject,Gastronom%C3%ADa.txt,Text
59,Path,/esp/Gastronom%C3%ADa.txt,Text
59,Link,ww2/330697ae86029c6b6d189a836fa74ab922392c5d3d3fefe86b72eba50653677c,Text
59,Content-type,text/plain,Text
59,Filetype,text,Text
60,Filename,National_Library_of_the_Czech_Republic.txt,Text
60,Subject,National_Library_of_the_Czech_Republic.txt,Text
60,Path,/esp/National_Library_of_the_Czech_Republic.txt,Text
60,Link,ww2/3f0dbf0e6969126bd35290cf640a76226f7f3a48fd5358c1dbf24a58b8744483,Text
60,Content-type,text/plain,Text
60,Filetype,text,Text
58,Language,spa,Text
59,Language,spa,Text
61,Filename,Calibre_(armas_de_fuego).txt,Text
61,Subject,Calibre_(armas_de_fuego).txt,Text
61,Path,/esp/Calibre_(armas_de_fuego).txt,Text
61,Link,ww2/37ed0badb775c9757dee79f82e713638702fd55bb9608e2fb48a0eaaeaf62dd3,Text
61,Content-type,text/plain,Text
61,Filetype,text,Text
60,Language,spa,Text
62,Filename,15_de_diciembre.txt,Text
62,Subject,15_de_diciembre.txt,Text
62,Path,/esp/15_de_diciembre.txt,Text
62,Link,ww2/595dd77704fb412466d67a27b8ec9b14478415538f9a51dbb8c513f9cf9ed9f9,Text
62,Content-type,text/plain,Text
62,Filetype,text,Text
61,Language,spa,Text
63,Filename,Batalla_de_Trafalgar.txt,Text
63,Subject,Batalla_de_Trafalgar.txt,Text
63,Path,/esp/Batalla_de_Trafalgar.txt,Text
63,Link,ww2/c1ad67777e19b76c7018720ce8b9911748cf5699f45897ae2ea4f948173adaf8,Text
63,Content-type,text/plain,Text
63,Filetype,text,Text
62,Language,spa,Text
64,Filename,Usztasa.txt,Text
64,Subject,Usztasa.txt,Text
64,Path,/hun/Usztasa.txt,Text
64,Link,ww2/f2f19ffb4e9fb3e6ebdfa4055a47fb3b78f0a6d647f15f86256dbd251bf0c4a7,Text
64,Content-type,text/plain,Text
64,Filetype,text,Text
63,Language,spa,Text
65,Filename,Edad_Contempor%C3%A1nea.txt,Text
65,Subject,Edad_Contempor%C3%A1nea.txt,Text
65,Path,/esp/Edad_Contempor%C3%A1nea.txt,Text
65,Link,ww2/6add466e8ca4d3d2c85ff0b3c7a01cd5c412fc06359a8db4cf6d721c04b7c3d5,Text
65,Content-type,text/plain,Text
65,Filetype,text,Text
64,Language,hun,Text
66,Filename,Territorio.txt,Text
66,Subject,Territorio.txt,Text
66,Path,/esp/Territorio.txt,Text
66,Link,ww2/0cdac2e802f99e2c02708a5effa297df84ccbaae2577a5d3c190b2fc8c097e18,Text
66,Content-type,text/plain,Text
66,Filetype,text,Text
65,Language,spa,Text
67,Filename,Carlomagno.txt,Text
67,Subject,Carlomagno.txt,Text
67,Path,/esp/Carlomagno.txt,Text
67,Link,ww2/dcc666ba8e241b68a2c4c5ce29c941fc4316f6eb8b87fee6ffdbf0762e7710c3,Text
67,Content-type,text/plain,Text
67,Filetype,text,Text
68,Filename,Vaskeresztes.txt,Text
68,Subject,Vaskeresztes.txt,Text
68,Path,/hun/Vaskeresztes.txt,Text
68,Link,ww2/db1ca92669e415df23041915ceeced5a7bd7688fdb4cb720a335ada4943100e7,Text
68,Content-type,text/plain,Text
68,Filetype,text,Text
66,Language,spa,Text
67,Language,spa,Text
69,Filename,1767.txt,Text
69,Subject,1767.txt,Text
69,Path,/esp/1767.txt,Text
69,Link,ww2/c090b49827425427f19b71fdf3b1004b90a48411cf0b7765560dc7bb90acb371,Text
69,Content-type,text/plain,Text
69,Filetype,text,Text
68,Language,hun,Text
70,Filename,Nemzetk%C3%B6zi_%C3%9Ajj%C3%A1%C3%A9p%C3%ADt%C3%A9si_%C3%A9s_Fejleszt%C3%A9si_Bank.txt,Text
70,Subject,Nemzetk%C3%B6zi_%C3%9Ajj%C3%A1%C3%A9p%C3%ADt%C3%A9si_%C3%A9s_Fejleszt%C3%A9si_Bank.txt,Text
70,Path,/hun/Nemzetk%C3%B6zi_%C3%9Ajj%C3%A1%C3%A9p%C3%ADt%C3%A9si_%C3%A9s_Fejleszt%C3%A9si_Bank.txt,Text
70,Link,ww2/3caf553d045acb004ef99ed73ceab891469d9583fe974e4bacfc7752a59de651,Text
70,Content-type,text/plain,Text
70,Filetype,text,Text
69,Language,spa,Text
71,Filename,Operaci%C3%B3n_Ke.txt,Text
71,Subject,Operaci%C3%B3n_Ke.txt,Text
71,Path,/esp/Operaci%C3%B3n_Ke.txt,Text
71,Link,ww2/dada81bb14e44da75fa98961c989c91264dee71e02b38b6f69d6579f475068e8,Text
71,Content-type,text/plain,Text
71,Filetype,text,Text
70,Language,hun,Text
72,Filename,Contraarmada.txt,Text
72,Subject,Contraarmada.txt,Text
72,Path,/esp/Contraarmada.txt,Text
72,Link,ww2/dd8489d7a7cfcba7f2ecbd7f02a19bad42c7a46a48dc67696d718370bdadea0a,Text
72,Content-type,text/plain,Text
72,Filetype,text,Text
73,Filename,11.%C2%BA_Ej%C3%A9rcito_(Alemania).txt,Text
73,Subject,11.%C2%BA_Ej%C3%A9rcito_(Alemania).txt,Text
73,Path,/esp/11.%C2%BA_Ej%C3%A9rcito_(Alemania).txt,Text
73,Link,ww2/e1adaa50de7be7a04bd86f5c310f759d9dca4574d81fc8ddb2e05ab6eddf76c9,Text
73,Content-type,text/plain,Text
73,Filetype,text,Text
71,Language,spa,Text
72,Language,spa,Text
74,Filename,Cuzco.txt,Text
74,Subject,Cuzco.txt,Text
74,Path,/esp/Cuzco.txt,Text
74,Link,ww2/c722edda0a9d5fc4714cf6d0129f98ffa030776faa99a4d58a7016179f8e8aec,Text
74,Content-type,text/plain,Text
74,Filetype,text,Text
73,Language,spa,Text
75,Filename,Mikron%C3%A9ziai_Sz%C3%B6vets%C3%A9gi_%C3%81llamok.txt,Text
75,Subject,Mikron%C3%A9ziai_Sz%C3%B6vets%C3%A9gi_%C3%81llamok.txt,Text
75,Path,/hun/Mikron%C3%A9ziai_Sz%C3%B6vets%C3%A9gi_%C3%81llamok.txt,Text
75,Link,ww2/a4673cd3e4bf31ae55f4ab8a2666e59f8273bb6817f8500449d31994440a0765,Text
75,Content-type,text/plain,Text
75,Filetype,text,Text
76,Filename,1260.txt,Text
76,Subject,1260.txt,Text
76,Path,/hun/1260.txt,Text
76,Link,ww2/94eb35bd50e6fa00a54b964d4a32abe7de3a753e28d131c6ec1e8058fe2f0fb0,Text
76,Content-type,text/plain,Text
76,Filetype,text,Text
74,Language,spa,Text
77,Filename,Frente_del_Norte_de_Europa.txt,Text
77,Subject,Frente_del_Norte_de_Europa.txt,Text
77,Path,/esp/Frente_del_Norte_de_Europa.txt,Text
77,Link,ww2/e0f640113c0dbc4e89081e03ef3b87338d2a70cd4381d760bfda8a04eb1f0a1a,Text
77,Content-type,text/plain,Text
77,Filetype,text,Text
75,Language,hun,Text
76,Language,hun,Text
78,Filename,Szib%C3%A9ria.txt,Text
78,Subject,Szib%C3%A9ria.txt,Text
78,Path,/hun/Szib%C3%A9ria.txt,Text
78,Link,ww2/6382b1c76727e9a3ad7a68524d5de799fe7e21795d2e68bda9c99c31abf555a1,Text
78,Content-type,text/plain,Text
78,Filetype,text,Text
79,Filename,Liga_Hanse%C3%A1tica.txt,Text
79,Subject,Liga_Hanse%C3%A1tica.txt,Text
79,Path,/esp/Liga_Hanse%C3%A1tica.txt,Text
79,Link,ww2/3d6cbfbd2947d5f68cac5cf280a598e04c29934082ae79f6c6786c8b50394672,Text
79,Content-type,text/plain,Text
79,Filetype,text,Text
77,Language,spa,Text
80,Filename,San_Marino.txt,Text
80,Subject,San_Marino.txt,Text
80,Path,/hun/San_Marino.txt,Text
80,Link,ww2/d64c61580c1819b55c56b4f6b742fdbd9a25e7a0d11006640f50cddb70083832,Text
80,Content-type,text/plain,Text
80,Filetype,text,Text
78,Language,hun,Text
81,Filename,1714.txt,Text
81,Subject,1714.txt,Text
81,Path,/esp/1714.txt,Text
81,Link,ww2/625238837c96ca0fc10f60c9d14c87477c86209be443420cf6b254182a82eb06,Text
81,Content-type,text/plain,Text
81,Filetype,text,Text
79,Language,spa,Text
82,Filename,Eger.txt,Text
82,Subject,Eger.txt,Text
82,Path,/hun/Eger.txt,Text
82,Link,ww2/5859c3f3b0077e678e417f661baf4306e51f77baa042ea3da63228fe3ea27a3e,Text
82,Content-type,text/plain,Text
82,Filetype,text,Text
80,Language,hun,Text
81,Language,spa,Text
83,Filename,Batalla_de_K%C3%B6nigsberg.txt,Text
83,Subject,Batalla_de_K%C3%B6nigsberg.txt,Text
83,Path,/esp/Batalla_de_K%C3%B6nigsberg.txt,Text
83,Link,ww2/966ea683bc07c832f9e4334e98fe5d01d756134af51cbef56cf74ed577dea511,Text
83,Content-type,text/plain,Text
83,Filetype,text,Text
82,Language,hun,Text
84,Filename,Ofensiva_del_V%C3%ADstula-%C3%93der.txt,Text
84,Subject,Ofensiva_del_V%C3%ADstula-%C3%93der.txt,Text
84,Path,/esp/Ofensiva_del_V%C3%ADstula-%C3%93der.txt,Text
84,Link,ww2/2514c1ced4dc1c9d72eb21ba80b2e335c93d73f63bd7c092553c3271f645a9ed,Text
84,Content-type,text/plain,Text
84,Filetype,text,Text
83,Language,spa,Text
85,Filename,R%C3%ADo_Amazonas.txt,Text
85,Subject,R%C3%ADo_Amazonas.txt,Text
85,Path,/esp/R%C3%ADo_Amazonas.txt,Text
85,Link,ww2/95803e4047fd9e0673b50e57426d2791735ecd111c1f58062696ea42e88c842b,Text
85,Content-type,text/plain,Text
85,Filetype,text,Text
84,Language,spa,Text
86,Filename,1773.txt,Text
86,Subject,1773.txt,Text
86,Path,/esp/1773.txt,Text
86,Link,ww2/a382ec462da25303f0db101b01c839dbe33d57d6c3014cb9355e731e6ad0d4cf,Text
86,Content-type,text/plain,Text
86,Filetype,text,Text
85,Language,spa,Text
87,Filename,Isabel_II_del_Reino_Unido.txt,Text
87,Subject,Isabel_II_del_Reino_Unido.txt,Text
87,Path,/esp/Isabel_II_del_Reino_Unido.txt,Text
87,Link,ww2/48dd713e379d25223e9daa40e2fa0ae30c7cb19c834a96b8f8512085416fee3c,Text
87,Content-type,text/plain,Text
87,Filetype,text,Text
86,Language,spa,Text
88,Filename,Viernes_Santo.txt,Text
88,Subject,Viernes_Santo.txt,Text
88,Path,/esp/Viernes_Santo.txt,Text
88,Link,ww2/9b9fe08570f5ba81f9c712440eab1831ab6a2d95ee70a3207c8efa4607ecb248,Text
88,Content-type,text/plain,Text
88,Filetype,text,Text
89,Filename,1997.txt,Text
89,Subject,1997.txt,Text
89,Path,/esp/1997.txt,Text
89,Link,ww2/26c37fb2c48a300f6947829f2e358d1b6c4d2de3796573784932ce8f4a64bc2b,Text
89,Content-type,text/plain,Text
89,Filetype,text,Text
87,Language,spa,Text
88,Language,spa,Text
90,Filename,1937.txt,Text
90,Subject,1937.txt,Text
90,Path,/hun/1937.txt,Text
90,Link,ww2/0099d893ea415507755c42805016960aa761b2a907cef89aaa221693aaaf1797,Text
90,Content-type,text/plain,Text
90,Filetype,text,Text
89,Language,spa,Text
91,Filename,1923.txt,Text
91,Subject,1923.txt,Text
91,Path,/hun/1923.txt,Text
91,Link,ww2/7ebfc81376d75a04187819afbda2ce81c933128ed6b81b0a66336d4f0873f9ca,Text
91,Content-type,text/plain,Text
91,Filetype,text,Text
90,Language,hun,Text
92,Filename,5_de_junio.txt,Text
92,Subject,5_de_junio.txt,Text
92,Path,/esp/5_de_junio.txt,Text
92,Link,ww2/ddf57f46fb994bfc4e8f2fde137ded0d8e3559d7116a78e5f1d709d8ecd5280d,Text
92,Content-type,text/plain,Text
92,Filetype,text,Text
91,Language,hun,Text
93,Filename,Buceo.txt,Text
93,Subject,Buceo.txt,Text
93,Path,/esp/Buceo.txt,Text
93,Link,ww2/3234e025206a745248fd27e0d867586dab72ac5aca65a87ff29333d583d7b991,Text
93,Content-type,text/plain,Text
93,Filetype,text,Text
92,Language,spa,Text
94,Filename,Polinesia.txt,Text
94,Subject,Polinesia.txt,Text
94,Path,/esp/Polinesia.txt,Text
94,Link,ww2/86e16f12624245bc34bc028abc1543efb36d3bd181f5c91af014b5da1ff41aa0,Text
94,Content-type,text/plain,Text
94,Filetype,text,Text
95,Filename,Albert_Lebrun.txt,Text
95,Subject,Albert_Lebrun.txt,Text
95,Path,/esp/Albert_Lebrun.txt,Text
95,Link,ww2/27d09895a6df38c4a3218cac7b67e5c54fe46efc53cd6c76d84277fe436d3cf4,Text
95,Content-type,text/plain,Text
95,Filetype,text,Text
93,Language,spa,Text
96,Filename,Misionero.txt,Text
96,Subject,Misionero.txt,Text
96,Path,/esp/Misionero.txt,Text
96,Link,ww2/52d3b766b23e01c0779b926739910431c4f6ecab4f44d2563c49068d13c9f104,Text
96,Content-type,text/plain,Text
96,Filetype,text,Text
94,Language,spa,Text
95,Language,spa,Text
97,Filename,Lille.txt,Text
97,Subject,Lille.txt,Text
97,Path,/hun/Lille.txt,Text
97,Link,ww2/4787904b748794d39ef650f9c61fceaa75bd98ba1ac9b2a9bb56791ca4761dd5,Text
97,Content-type,text/plain,Text
97,Filetype,text,Text
96,Language,spa,Text
98,Filename,Frente_de_Sirmia.txt,Text
98,Subject,Frente_de_Sirmia.txt,Text
98,Path,/esp/Frente_de_Sirmia.txt,Text
98,Link,ww2/f79e9c98b0ab152511b990b25436954854e29b1385f8ef80a080522bacadd084,Text
98,Content-type,text/plain,Text
98,Filetype,text,Text
97,Language,hun,Text
99,Filename,Nueva_Jersey.txt,Text
99,Subject,Nueva_Jersey.txt,Text
99,Path,/esp/Nueva_Jersey.txt,Text
99,Link,ww2/3bb5b6ca10c5d2dcb99eb19bac382cfa7b244fef604c8e82add831ea69e2297f,Text
99,Content-type,text/plain,Text
99,Filetype,text,Text
100,Filename,Eurocentrismo.txt,Text
100,Subject,Eurocentrismo.txt,Text
100,Path,/esp/Eurocentrismo.txt,Text
100,Link,ww2/48313b38ad6dee51acff392331869a86f7a7e98c35e134509b1c22458a311204,Text
100,Content-type,text/plain,Text
100,Filetype,text,Text
99,Language,spa,Text
98,Language,spa,Text
100,Language,spa,Text
